SMID,Mon Day,Mon Night,Tue Day,Tue Night,Wed Day,Wed Night,Thu Day,Thu Night,Fri Day,Fri Night,Sat Day,Sat Night,Sun Day,Sun Night,label,score
101378,16,15,19,18,65,92,62,22,65,26,30,6,74,29,Negative,0
103694,1038,1105,699,1011,1098,1050,585,707,932,826,715,721,1277,1073,Positive,2
106002,2152,1322,1777,1613,1926,1298,1959,1466,2012,1492,1474,722,1904,1477,Negative,0
107667,88,172,185,88,200,105,206,271,90,64,99,101,44,209,Negative,0
107776,430,153,572,294,330,380,360,271,272,184,168,497,447,423,Negative,0
109209,6488,4768,5152,4900,5694,5153,6222,5048,6650,4788,6314,5836,5692,5032,Negative,1
111778,5277,4232,4133,4600,4378,4042,4416,3964,4475,3855,3464,3575,3317,4124,Negative,0
112787,3051,4222,2770,3777,3446,3473,2613,3109,2840,2838,2758,3121,2829,3684,Positive,3
114349,324,425,647,674,763,667,804,1017,296,385,592,167,322,362,Negative,0
115882,16,25,22,104,122,30,48,11,193,27,43,16,60,41,Negative,1
116049,0,0,0,0,0,0,67,1594,2940,11737,16430,26266,15294,12446,Positive,4
116939,1549,2097,1888,1446,2020,1529,1883,1725,1592,920,1919,778,1559,1188,Negative,0
123825,957,317,894,227,1041,236,880,324,842,210,721,309,754,325,Negative,1
124854,3016,5804,3397,5788,3023,4426,4299,6042,3760,2864,4533,2734,6899,4247,Negative,0
125881,0,0,0,0,0,0,624,1941,1482,1961,10128,33067,1288,52188,Negative,0
126158,589,712,606,465,514,807,464,553,791,604,852,593,716,656,Negative,0
128616,0,0,0,0,0,0,0,0,250,5,293,598,465,1261,Negative,1
128666,14948,11344,13291,10119,13489,11114,12438,9750,14869,8617,12604,8425,12321,9726,Negative,0
129152,1676,1210,2188,1509,1897,1895,2002,2075,1457,923,1082,402,1297,945,Negative,0
129579,1420,1858,792,1442,1132,983,1201,836,1304,1153,1556,1100,1968,1858,Negative,1
129953,896,2080,1497,1006,1191,1553,1369,1984,890,372,1102,535,1040,923,Negative,0
130024,0,0,0,0,0,0,0,0,0,0,0,0,0,0,Positive,10
130994,613,505,641,513,730,669,697,654,773,330,721,293,711,425,Negative,0
131368,10193,10284,9585,11146,8755,9287,10077,9478,8882,5888,8718,6453,8056,8839,Positive,2
131480,789,566,818,568,432,493,640,537,311,332,507,409,793,545,Positive,2
135144,4142,9570,4560,7603,4305,7548,3526,4747,3380,4922,4375,6118,5961,9974,Negative,0
136285,0,0,0,0,0,0,287,1621,2118,1622,1992,2999,165,1269,Negative,0
137555,271,92,36,16,23,19,27,11,81,34,17,9,20,11,Positive,3
138929,44550,55395,38794,49978,39510,52459,40407,42865,39336,30358,45028,31630,49309,49172,Negative,1
139069,0,0,0,0,44,75,72,8969,53107,93318,40245,33337,470,2044,Positive,6
139866,708,534,837,707,557,754,589,648,588,412,610,465,519,380,Positive,2
139885,147,168,85,254,53,174,270,284,116,117,265,52,329,501,Positive,3
141101,5078,9259,4459,8191,4822,9474,5197,8468,3906,6681,4029,8124,5182,9201,Negative,0
141890,15151,21789,13901,19321,12121,21545,15024,19562,12494,11527,17850,13677,19889,19333,Negative,0
142003,0,0,0,0,0,0,4003,9997,12322,9319,9085,20940,19818,45000,Positive,5
143026,772,756,814,1666,2311,1372,1344,3005,962,1485,969,380,552,663,Negative,0
143836,1010,1206,941,1604,757,1044,1104,736,992,747,1270,547,1522,1335,Negative,0
147158,2062,1838,2013,1470,1932,1420,2162,1174,1961,878,1963,1174,2154,1396,Negative,0
148075,576,594,654,1208,1081,873,830,642,804,1165,605,487,652,766,Negative,0
148906,932,535,906,620,676,427,520,728,715,318,543,334,453,675,Negative,0
152060,260,181,245,133,439,127,422,409,418,280,300,133,265,192,Negative,0
152162,1100,633,1141,1185,1357,895,975,1155,1422,927,1227,736,1224,870,Negative,0
152773,31686,22732,35366,24580,34203,21778,37007,22100,35273,20166,33445,20433,34373,23239,Negative,0
153985,2013,2316,1893,2065,2255,1987,2168,1960,1837,1875,1994,1293,1622,1543,Negative,0
154483,2571,1778,1285,1479,1700,1960,1508,971,758,622,784,953,693,803,Positive,2
155434,539,1206,501,1201,808,2218,820,1742,510,1293,560,816,921,1494,Negative,0
155667,863,341,384,841,443,517,432,236,466,356,517,273,475,275,Negative,0
156112,2377,2321,1937,1838,2304,2113,2251,1862,1435,1687,1132,2883,1820,1960,Positive,5
157389,0,0,0,0,0,4,45,0,1,0,9,0,2,0,Negative,0
159516,0,0,0,0,0,0,28,418,24855,25714,15485,15201,14104,4761,Positive,7
159730,39,2,9,2,66,56,16,6,5,6,10,58,5,59,Negative,0
159999,0,0,0,0,0,0,1793,936,1423,1570,7913,3578,252,3213,Negative,1
160208,0,0,0,0,0,0,0,0,0,0,0,0,0,0,Positive,3
161004,3353,1761,1243,1822,3323,2730,1430,2093,1552,958,1373,1701,1400,2697,Negative,0
162034,1461,1901,1630,1833,1250,1867,1614,1437,1426,1698,1070,893,1824,2255,Negative,1
162861,0,0,0,0,0,0,233,3807,1001,2791,2047,795,164,887,Positive,4
165226,2907,6840,2574,6077,2487,5042,2665,5961,3216,3410,2727,2288,3122,4939,Negative,0
165250,4166,3742,4447,3760,4098,3303,5259,3014,5787,3910,4754,4576,4370,4360,Negative,0
167852,605,235,426,338,456,192,543,378,568,129,196,150,431,294,Positive,5
167925,3353,4525,3582,4503,3896,4970,3710,4852,5032,3715,3913,3746,3777,5090,Negative,0
168307,321,752,539,314,166,252,257,250,176,315,194,48,397,250,Negative,1
170384,11,48,45,127,11,39,62,30,68,16,28,15,11,14,Negative,0
170566,2362,7954,1987,6386,2260,6608,1915,6009,1785,5431,1649,5477,2852,7058,Negative,0
170991,193,112,66,57,56,111,86,42,74,46,64,18,213,118,Negative,0
171053,2422,2478,2438,2303,2134,2678,2034,1846,2283,1557,2072,1582,2466,2096,Negative,0
171284,17794,26296,18985,28366,19506,23138,18465,22637,19992,14719,19623,16017,23946,27686,Negative,0
172121,839,385,501,411,957,487,458,571,664,351,528,501,586,345,Negative,0
176369,2711,2673,2796,3965,2660,2936,2740,3209,3567,3012,3827,3555,4595,3082,Negative,0
181559,6543,7875,5875,7372,5355,7740,5468,7190,4262,3243,6145,3728,5422,7377,Positive,3
182834,3771,4168,3449,3842,4012,4114,3305,6249,4091,3384,4321,3943,3751,3306,Positive,2
184406,737,262,473,306,454,245,625,137,438,171,326,362,711,284,Positive,2
185177,0,0,0,0,0,0,142,317,407,967,4185,3604,611,3253,Negative,0
186320,7452,11614,6618,11904,8067,9799,7178,8935,7974,6543,6114,5417,7590,7605,Negative,0
188832,61,5,23,24,13,12,8,10,155,140,66,14,62,5,Negative,0
189312,1069,2281,1045,2819,953,2057,862,2414,1374,3068,1706,1760,1751,2763,Negative,1
190553,7926,9148,7487,10127,6975,9300,6231,8153,7082,6216,6993,8465,8165,10717,Positive,2
191301,292,547,558,189,355,264,426,166,225,161,278,168,267,327,Positive,3
193151,0,0,0,0,0,0,1693,6983,14040,6556,1856,1708,7019,5159,Negative,0
193917,929,483,952,547,597,469,378,429,466,376,941,221,517,594,Negative,1
193998,7535,5307,7943,5934,8233,6383,7480,5714,9227,5740,7237,5173,6909,5752,Negative,0
194028,2800,994,2376,1168,3483,1700,1492,1240,2264,1667,2052,1365,1565,1429,Positive,3
194620,6782,9818,5504,8061,4690,8773,5925,9137,5664,4289,7602,6342,8295,10524,Negative,0
195753,49,35,30,25,45,5,28,10,26,8,50,18,57,67,Negative,0
197441,0,1,3,0,0,2,0,3,0,6,0,0,6,1,Negative,0
197710,288,1151,264,804,283,418,259,922,374,278,215,224,306,481,Negative,0
201709,0,0,0,0,0,0,0,0,293,643,45,49,402,244,Negative,0
205329,0,0,0,0,0,0,344,1929,268,2062,1120,2247,919,4568,Negative,1
210565,3555,1936,3753,1970,3063,1536,3260,1856,3376,1666,3329,1274,3280,2268,Negative,0
211066,840,519,945,367,829,529,861,466,519,248,441,199,329,316,Negative,0
212199,0,0,0,0,0,0,333,188,180,2113,1508,2827,159,840,Negative,0
212504,573,490,757,384,497,255,424,192,451,207,499,142,578,191,Positive,2
212590,264,216,286,185,222,295,186,134,124,162,157,162,129,337,Positive,3
212903,243,295,84,88,329,141,63,144,132,476,176,169,154,78,Negative,0
212961,9,23,39,9,23,30,7,7,27,14,9,3,9,10,Negative,0
213008,0,0,0,0,0,0,422,5091,2451,7526,7656,18697,3878,12554,Negative,0
215644,8,5,15,0,3,1,5,1,3,11,36,12,7,7,Positive,2
215706,1641,1774,1673,2686,1947,2666,1952,2178,1705,1367,1754,1315,1777,990,Negative,0
216734,175,74,224,107,258,514,234,360,283,90,268,164,160,123,Negative,0
218409,4303,6031,4042,5719,3177,4937,4233,5773,4971,4094,4993,4146,4976,5799,Negative,0
218711,1411,4827,2209,3618,1067,4246,1425,5450,715,2245,1525,920,2005,3488,Negative,0
219080,0,0,0,0,42,207,1117,1113,2657,2412,33959,55424,5246,19476,Negative,1
219354,2391,1627,1643,4046,1846,2726,2243,1798,2217,2553,1480,2053,2020,2651,Positive,5
220055,28,37,24,43,16,28,10,21,28,27,30,30,31,20,Negative,1
220901,277,267,320,63,177,160,179,232,328,168,184,60,217,180,Negative,0
221125,3203,1865,3039,2322,2766,2023,3188,2333,3055,1509,3528,1120,3095,1469,Negative,1
223730,1095,999,1537,1048,1195,1729,1481,1431,1220,932,1468,807,1301,1102,Negative,0
224572,4945,4266,4652,4534,4900,4044,4180,2948,4529,2986,4608,2525,5394,3545,Negative,0
225086,1327,767,856,965,1056,642,980,758,696,344,688,940,1076,648,Negative,0
226217,0,0,0,0,0,0,68,1054,8892,3459,1326,1800,249,806,Negative,0
230624,51,54,80,76,104,93,77,80,68,66,92,75,110,156,Negative,0
233395,544,1163,731,777,517,871,1183,962,479,807,633,392,453,1135,Negative,1
234462,2895,2547,2720,2324,2402,2291,2470,1842,2362,1417,2459,1346,2541,1940,Negative,0
236847,0,0,0,0,0,0,0,241,1046,1375,19838,14906,3082,13945,Negative,0
236874,9328,13108,5312,13812,8647,14139,7048,12306,4710,5820,8467,6405,12521,14026,Negative,1
237181,68,49,38,19,72,61,143,8,19,316,212,58,135,104,Negative,1
238180,1991,1901,2040,1554,2523,1713,2708,1811,2226,1729,1671,1403,1729,1668,Negative,0
239458,111,51,59,63,190,61,111,28,64,24,66,69,74,58,Negative,0
240394,0,0,0,0,0,0,0,0,266,114,32075,18353,15430,11732,Negative,0
241904,2047,773,1048,691,1129,734,1215,846,1579,737,919,587,1070,902,Negative,1
246867,0,0,0,0,0,0,180,377,43,327,4081,32,39,1291,Positive,2
251586,881,893,1167,756,834,775,819,652,1122,749,963,474,1296,530,Negative,0
252841,673,1208,878,1812,753,2020,967,1096,419,869,926,875,1118,2364,Positive,2
253336,6759,3693,5583,4132,6536,3709,6785,4680,6892,4407,4925,4706,5248,4726,Negative,0
253691,2559,1824,2527,3031,2275,2784,2169,2155,2864,3237,2586,2453,2642,2406,Negative,0
253895,0,0,0,0,0,0,574,5311,1821,3894,1615,2778,30,296,Negative,1
255272,4323,3161,2939,2371,3626,3378,3575,2245,3886,1692,4421,2851,5243,4283,Negative,0
256330,4026,7849,3613,6694,3565,5975,3795,8450,4090,4706,4441,5364,6740,7917,Negative,0
259318,753,630,1074,653,652,421,1143,841,1583,1017,866,881,533,913,Positive,4
259618,1188,687,1376,775,1623,787,1515,850,1642,569,576,337,808,796,Positive,2
259798,144,69,219,206,118,74,224,235,85,35,22,49,115,95,Negative,0
262299,182,239,183,249,354,245,167,167,522,151,291,83,199,56,Positive,2
262394,11,9,5,4,13,21,11,5,6,1,18,7,10,9,Negative,0
265436,395,423,437,343,311,322,458,139,419,170,256,441,335,213,Negative,1
266772,0,0,0,0,0,0,869,443,4474,1477,10337,10832,11473,15510,Negative,0
266955,2938,1765,2909,2393,2534,2035,3462,2159,2699,1272,2028,937,3039,2401,Positive,3
267035,4789,7423,4266,5784,4345,7530,3818,4972,4673,2881,10658,6221,9910,7213,Negative,0
267442,3375,3994,2574,3776,3240,3904,2582,3389,2885,2530,2979,4215,3261,4276,Negative,0
268143,402,978,321,501,462,982,384,325,284,414,485,1120,457,741,Negative,1
269624,5207,9257,4300,5906,3616,7841,3877,6080,4783,3661,3758,4711,3242,8107,Positive,4
275151,5706,7916,5490,7840,4056,7397,4592,7522,4246,3328,6330,3733,7347,7661,Negative,1
275747,3673,4664,6045,4960,4893,5049,5511,3778,6095,5104,4966,5276,3956,4710,Negative,0
276512,846,340,808,541,801,451,786,628,459,283,351,532,574,222,Positive,3
282075,0,0,0,0,0,0,22,187,1984,2061,2247,3501,1137,10326,Negative,1
282290,1127,1176,1283,1581,2114,1628,2089,705,1403,838,973,896,919,1064,Negative,0
283817,2414,1364,1889,1289,1579,1087,1995,1379,1255,612,1354,1185,2065,1440,Positive,2
285953,8433,15600,7379,15520,8577,16704,6922,14257,9492,16107,12913,18161,13186,16757,Negative,0
287459,16,33,19,19,10,30,42,13,35,22,57,50,57,16,Negative,0
287686,14088,7698,11141,5620,11299,6734,11251,6853,10920,5197,13065,5542,14530,6352,Negative,1
289641,841,464,754,453,995,571,797,245,1037,855,910,539,859,300,Negative,0
290038,1974,2063,2460,1608,2512,1842,2661,2619,2925,1998,2206,1711,2830,2607,Negative,0
290494,3583,5622,2736,5403,3947,6274,3315,5980,3541,3393,3238,5005,4602,7255,Negative,0
290825,252,95,124,696,222,34,349,99,236,45,89,578,243,284,Negative,0
290942,142,220,80,332,94,183,262,132,168,120,118,111,182,35,Negative,0
291676,0,0,0,0,0,0,4307,2008,1668,10668,56718,42064,10159,27438,Positive,3
295400,0,0,0,0,0,0,90,1476,2987,5359,8212,10420,3930,8260,Negative,0
295456,2877,3791,3596,2549,3197,2644,2567,3362,3049,3057,3482,2939,3114,2774,Negative,0
295842,185,744,180,195,263,229,167,256,130,122,130,75,158,226,Positive,2
295955,1102,1101,1515,762,1717,765,1199,706,1388,665,1196,779,1047,488,Negative,0
298529,0,0,0,0,0,0,403,2473,8331,7887,3371,6376,10913,12584,Negative,1
298961,349,446,352,925,283,503,491,523,205,306,200,182,290,350,Negative,1
303306,7849,3761,6109,2863,7808,2555,7093,2279,10379,2804,8910,3777,6311,3532,Negative,0
309274,325,70,85,94,89,151,219,134,168,168,195,59,152,115,Negative,0
309950,0,5,0,0,0,0,62,479,1585,2157,133,3916,1453,3523,Negative,0
311771,1055,537,1131,550,935,383,875,516,806,557,674,315,624,430,Negative,1
314074,459,422,147,1052,279,253,146,149,551,339,604,595,396,710,Negative,0
315964,1341,1564,853,2147,1365,1377,1113,1323,967,982,966,830,1282,2157,Negative,0
318556,16,9,19,20,37,8,29,72,23,10,2,6,54,156,Negative,0
324722,2347,1804,3091,1820,3470,1691,2554,2297,2284,1639,2148,1454,2319,1832,Negative,0
325142,1086,911,1308,679,1037,671,1165,813,1406,840,1032,912,550,715,Positive,2
326050,6061,4537,5177,4668,5186,4831,5853,5547,6912,4110,5942,4961,6210,5503,Negative,0
329252,512,568,526,431,422,285,741,458,610,197,382,339,491,347,Negative,0
330151,1336,1250,1192,917,1330,1179,1430,1324,1216,540,1359,702,1546,1127,Negative,0
331784,0,0,0,0,179,1135,537,26420,12195,24310,7023,5066,7683,3863,Negative,0
332820,1059,783,1002,947,1126,1250,950,886,1277,726,707,560,779,823,Negative,1
333069,3280,3556,4187,2095,3172,3307,3227,2321,2239,1304,3271,2664,2736,4303,Negative,0
335972,4250,2705,4145,3532,3795,2591,4080,2433,3937,2908,4481,2699,2580,2998,Negative,0
336746,0,0,0,0,1,52,6793,11149,23220,23458,7907,19953,7134,20012,Negative,0
337790,6440,7243,7630,6282,7922,5296,8474,4414,6847,4078,6645,5847,5036,5047,Positive,3
338039,73,35,48,15,36,7,21,17,83,79,58,92,32,39,Negative,0
342833,15419,18651,14246,16575,15776,16310,16660,16109,15779,12643,16952,11315,13935,16176,Positive,2
345034,0,0,0,0,0,0,327,2856,18624,45775,10318,23109,9445,23309,Positive,2
345573,324,39,405,168,192,158,348,431,296,88,380,45,333,69,Positive,2
346191,3699,2992,3707,3719,4249,3504,3978,3753,4342,3377,4306,3452,3216,2760,Positive,2
347008,2399,4469,2832,4244,3093,4911,2685,6821,2095,5138,4902,4028,5830,5367,Negative,0
348600,464,206,624,264,732,346,287,278,313,327,232,178,819,313,Negative,1
349715,281,145,345,146,234,230,588,350,539,144,304,156,265,142,Positive,2
351816,3814,6197,3934,4675,3042,4361,3298,4385,3346,2872,2234,1957,3653,6164,Negative,1
353681,33,56,99,114,80,63,40,44,67,26,57,100,55,22,Negative,0
355629,0,0,0,0,0,0,28,44,5647,2786,33979,8277,3551,10311,Negative,0
357168,529,318,445,455,595,647,819,479,1119,237,408,577,730,438,Negative,0
360013,91,83,25,26,44,29,148,31,75,19,18,37,27,58,Negative,1
360425,11953,5869,12484,5059,7712,5816,9661,6807,8039,4566,7400,5848,8272,5909,Negative,0
361985,1950,2793,1780,2574,1526,2989,1346,3722,2566,1152,1593,2395,2602,3208,Negative,0
364467,402,194,341,226,381,161,221,162,366,74,187,118,425,232,Negative,1
365694,1063,1007,931,1157,1006,1082,1265,1167,641,654,828,783,1063,778,Negative,1
366826,1281,3331,1634,3169,1676,2845,1560,3278,1525,1295,2827,1281,2095,3504,Negative,0
367186,3886,3069,3430,2717,3853,1889,3354,1861,4211,2515,2320,2381,2195,2824,Negative,0
367820,2366,1707,2555,1555,2615,1514,3144,1262,2354,890,2073,819,1892,1564,Negative,0
368511,1520,2143,1146,2030,1181,1450,1722,2397,1404,1063,1184,504,1403,1496,Negative,1
371551,6844,3803,7562,4248,6599,4432,6978,3315,6226,2755,5615,3146,6235,4867,Negative,0
372437,2304,3953,2232,3687,3544,2460,2871,3764,2077,2007,2428,1037,2636,2938,Positive,2
372612,806,1950,1180,1265,1036,2417,870,1293,1238,1438,401,1393,670,961,Negative,0
374255,122,55,157,98,122,33,107,48,111,36,94,21,87,44,Negative,1
374559,8810,9408,9102,9415,8389,11361,9756,11940,9090,8810,9679,7530,9777,8960,Negative,1
375341,204,295,255,108,260,252,223,211,200,157,362,108,248,217,Positive,2
376231,413,517,759,843,525,290,518,164,414,385,465,527,675,720,Negative,1
377955,27905,34923,22453,30495,22515,32405,23838,31521,24025,24879,31064,26816,32255,35895,Positive,2
381173,31,13,23,32,34,3,45,11,50,3,27,1,30,13,Negative,0
382141,2269,3351,2914,2702,2304,2106,2273,1850,2631,1492,1203,1722,2122,2607,Positive,3
382291,576,724,729,455,329,594,680,557,362,274,330,238,537,680,Positive,5
383392,664,1418,531,354,380,587,804,443,456,459,516,396,1137,554,Negative,0
384076,2921,4012,2254,3811,2841,3431,2991,4130,1755,2008,2327,3288,4130,4695,Negative,1
384446,107,9,93,69,88,37,76,28,111,36,50,49,68,36,Negative,0
384499,0,0,0,0,0,24,102,482,8,192,133,562,98,1242,Negative,0
385424,0,0,0,0,0,0,0,0,0,0,438,1442,948,1640,Negative,0
386629,591,383,927,1189,455,1148,443,534,409,840,609,576,669,377,Negative,1
389843,75,156,27,71,90,102,65,18,8,14,27,23,51,53,Negative,0
390944,19,60,79,37,27,63,29,54,122,42,82,10,34,97,Negative,0
392841,10194,13819,8288,16582,8996,13563,8305,13508,8745,7984,11014,9123,14485,14827,Negative,0
393395,2784,3075,1979,3786,3906,2913,2091,4430,2889,2265,3155,6592,2166,2738,Positive,3
393597,0,0,0,0,0,0,0,0,4383,4706,19429,49181,17178,63269,Negative,1
395537,391,172,329,393,328,271,355,217,292,393,333,155,304,206,Negative,0
398104,6531,8907,7387,10184,7320,11901,8015,8118,4144,7982,4515,8125,6930,8382,Negative,0
400462,2370,1921,1688,2143,2422,2855,1622,2939,1764,1011,1542,1702,1763,1303,Negative,0
401081,6421,6319,6073,4767,5673,5958,6100,5922,4609,3986,4481,3775,5556,6034,Negative,1
401587,1561,2772,1432,3157,1373,2517,1519,2086,1113,1228,1081,820,1941,2943,Negative,0
401834,418,457,410,535,556,623,535,404,619,251,617,196,444,379,Positive,2
402934,293,136,362,126,260,133,546,209,234,67,286,129,355,262,Negative,0
402938,3185,7075,3829,6531,2681,8503,4487,7048,3212,5122,5385,3968,6331,7012,Negative,1
403842,5115,25618,4275,25235,5578,27710,5071,26322,4279,12280,6174,12443,8915,33075,Negative,1
405442,0,0,0,0,0,0,0,0,0,0,2,4038,651,2400,Negative,1
406557,9738,4859,6150,4728,7166,5141,6531,5774,8360,6648,9873,6223,10135,6375,Negative,0
407032,0,0,0,0,0,0,0,0,0,0,0,78,1390,621,Positive,2
408029,4801,6476,3836,5456,4154,6063,4343,6255,3463,3299,5195,3594,7243,5632,Negative,0
408126,1195,1811,1008,950,1292,1102,1737,1287,1376,1419,1986,1255,2065,1682,Negative,1
412271,368,254,394,246,291,347,666,223,681,166,399,170,321,248,Positive,2
413165,2000,1629,2112,1463,2580,3079,2104,1749,2731,1603,2621,1383,2312,2042,Negative,0
413480,959,748,1047,727,1002,740,787,738,694,405,479,494,667,420,Negative,0
415742,708,578,434,432,744,551,1376,378,468,416,459,205,1194,488,Positive,2
416411,2375,2135,2255,1771,1900,1911,1979,1543,1790,1113,1812,1735,2325,1584,Negative,0
419873,683,818,1111,610,678,732,769,796,1219,619,938,562,1368,865,Positive,2
425649,1881,2319,1713,2212,2375,1964,1870,2433,2072,1263,1934,967,2667,1729,Negative,0
426216,3679,2515,3745,1731,4328,1902,3349,1818,3643,1222,2023,1444,2757,1611,Negative,1
427428,43,8,31,83,59,5,64,15,151,33,48,18,23,25,Negative,0
427445,1502,878,1710,738,1584,622,1276,775,1628,840,1315,726,1348,1322,Negative,0
429407,6089,5107,6169,5011,7534,6160,6635,5183,7404,4067,8599,4853,7152,5896,Negative,0
429659,799,783,744,660,1320,1025,850,1153,1532,788,880,1287,1537,798,Positive,4
433287,28578,19336,28414,17631,29928,19979,31945,20330,28212,18736,25130,20851,24590,21330,Negative,0
434294,0,0,0,0,0,0,0,4144,3455,7590,2923,6050,352,3657,Negative,0
434402,1298,1120,1409,1560,2092,1894,1478,1204,1289,706,913,798,1311,1197,Negative,1
435515,3520,5220,3746,5752,4466,8248,3703,6279,2910,3494,3462,3086,4519,6003,Negative,0
437522,1788,3042,1693,3130,2389,3894,1628,2710,2187,3137,3336,2488,3250,2847,Negative,0
438132,2677,3451,4117,4102,3540,3308,4291,2534,3444,2693,2612,1757,3712,3229,Positive,4
440049,2833,1716,2646,1575,2161,1057,2251,1386,2430,1390,1838,1339,2007,2121,Negative,0
440237,235,150,148,106,236,151,220,132,40,35,94,44,176,172,Positive,5
442022,150,117,153,149,148,96,132,136,314,129,217,174,166,130,Negative,0
443748,33831,26550,28630,27717,32469,29517,34982,28015,31215,28186,33581,31085,36271,34145,Negative,0
444403,1078,1019,1388,1045,1132,890,1400,1492,1018,1405,1252,1835,1549,1404,Negative,0
451800,4701,2320,4989,2477,5294,2398,5385,2432,4754,2318,3359,1690,2860,1982,Negative,0
452146,0,0,0,0,0,0,0,1805,1288,2691,20574,21564,686,7061,Negative,1
452424,217,494,278,339,537,771,175,543,224,95,322,165,237,516,Negative,0
455211,1126,647,1061,907,839,915,1384,655,851,548,1038,402,726,706,Negative,0
457480,201,215,438,530,671,313,412,122,244,131,288,116,212,202,Positive,2
460009,1764,950,2008,1222,2582,1633,2316,1360,3729,1296,2732,1638,2183,1761,Positive,2
461207,18551,16643,17268,16652,25206,20434,16186,19558,19312,17028,15553,18288,19871,21839,Negative,0
462482,446,295,351,241,519,189,249,122,311,75,222,135,338,203,Negative,1
464970,1610,1123,1876,1473,1544,845,2100,941,1120,699,939,1006,1406,726,Positive,6
466349,1263,924,894,869,1116,710,996,1007,1629,591,1670,870,1354,885,Negative,0
468936,776,939,1066,1263,635,461,958,729,937,1092,2135,1702,1859,1786,Negative,1
469073,0,0,0,0,0,0,483,33,305,4996,41629,24775,1767,20928,Negative,0
469768,3184,3154,3665,3197,3811,2693,3215,2440,3773,2413,2345,3081,2753,3263,Negative,0
470733,0,0,0,0,0,0,124,98,441,163,620,2546,2087,2857,Negative,0
471287,637,524,598,668,375,1284,621,773,374,283,595,392,504,485,Negative,0
471676,8473,14970,8027,13075,8020,13699,5846,11808,6914,6741,8779,7784,12816,14631,Negative,0
472047,1444,949,1448,992,1061,744,1395,739,1257,711,813,587,1695,814,Negative,0
472222,1266,938,2123,691,1546,577,1556,905,1591,885,1351,1306,1193,704,Negative,1
472829,1002,1555,850,2121,1059,2471,1189,1517,1079,960,1248,1243,1002,1230,Negative,0
472899,1131,609,765,355,686,962,1043,375,983,637,1310,565,1368,767,Positive,2
473511,0,0,0,0,0,0,0,0,0,4,253,346,2331,213,Negative,0
473779,1380,1908,1191,2121,1159,1639,1198,2033,1223,647,1813,825,2115,1092,Positive,2
474857,1991,985,1942,2035,2256,1975,1762,1587,1929,1466,3076,1907,2172,1230,Negative,0
479334,237,552,56,148,58,114,28,127,47,38,56,71,62,313,Negative,0
479927,3305,7538,2346,5998,2837,5719,2700,5833,3340,6064,4640,6255,4899,9128,Positive,3
482739,21062,20084,24629,25198,23370,21534,21594,19651,21463,20521,22686,19822,31250,19760,Negative,0
483169,1702,469,1772,644,1777,682,1626,739,1530,838,1733,690,1962,460,Positive,4
487067,1362,1646,1796,1479,1472,870,2624,797,1579,675,1792,848,1715,753,Positive,7
489254,9304,5997,7550,6435,7901,4142,8655,5250,6446,4133,7535,4418,9342,5764,Negative,0
490194,2064,1626,2293,1830,2348,2419,1736,1889,1952,1690,2287,1535,2327,1683,Negative,0
490913,288,282,566,466,476,581,624,514,710,262,536,285,335,424,Negative,1
493347,5540,2795,5170,2503,5628,3151,5808,2903,6904,4295,5517,2837,5291,3540,Negative,0
498855,363,228,203,204,304,196,380,206,385,219,237,588,370,313,Negative,0
500366,0,0,0,0,0,0,0,0,1312,5564,11824,13354,6539,9058,Negative,0
502992,220,93,382,92,104,123,194,56,132,118,105,106,200,64,Negative,0
503107,3216,3671,2521,5153,2763,3539,2285,2935,2436,1424,2126,1620,3741,3782,Negative,0
506022,365,394,384,454,205,312,581,309,231,236,195,407,509,364,Negative,1
506049,2341,12635,2607,12138,2645,11883,2001,9044,1784,5871,3332,6073,2566,10478,Negative,0
506181,3132,3101,2110,1910,1740,2329,1862,1836,1698,1302,1563,620,1154,1485,Negative,0
507117,0,0,0,0,0,0,0,0,0,0,0,0,0,0,Negative,0
507277,0,0,0,0,0,0,1,7760,8005,4682,8032,14113,4940,9563,Negative,0
508236,1761,876,1910,859,1570,961,2469,1469,1686,490,1454,512,1822,751,Negative,0
510639,212,255,150,307,176,411,376,276,316,165,516,213,371,304,Positive,3
511163,709,541,683,471,548,376,675,349,389,242,525,175,854,795,Negative,1
512336,0,0,0,0,0,0,0,0,535,932,289,799,173,1070,Negative,1
512570,0,0,0,0,0,0,1,0,0,0,0,0,0,0,Positive,2
513491,423,156,166,170,234,265,214,162,614,120,316,82,203,70,Positive,2
514477,125,110,49,30,92,155,89,161,135,110,146,185,91,65,Positive,2
514962,2921,1776,2584,1259,3410,1515,2781,2947,1622,1663,4226,1383,3260,1468,Negative,1
515637,496,399,338,432,487,254,513,387,621,399,665,508,639,587,Negative,0
515911,4449,4134,4016,3361,4086,3349,5403,3599,6039,3742,5240,3266,5022,3781,Negative,0
515925,14233,14377,12786,12820,13170,13557,14508,13544,13100,10437,15264,10061,14177,12159,Negative,0
517236,15176,12875,13873,12248,15316,12749,14438,14608,15000,9938,13137,10610,11472,10954,Negative,0
517264,978,1359,1092,861,1597,1695,726,2084,912,1284,962,867,951,1160,Positive,2
518046,0,0,0,0,0,0,340,2504,3796,13623,1706,2492,3076,1211,Negative,0
520109,9488,14485,8716,16397,8145,18914,8568,16047,7946,8633,10541,9870,11085,20386,Negative,0
520111,1059,751,962,578,1257,594,807,542,701,417,495,557,571,461,Positive,2
520216,445,495,395,192,616,423,348,250,385,213,354,346,318,310,Negative,0
521111,262,1361,262,453,483,458,637,445,507,641,470,1046,707,778,Negative,1
521375,120730,86227,130292,80103,125721,81357,132357,86415,134916,89634,139142,104169,142585,105281,Negative,0
521930,1172,493,862,696,928,860,1048,939,1550,403,708,654,1048,815,Negative,0
524843,0,0,0,0,0,0,0,0,0,0,4561,4131,1712,2891,Negative,0
524904,0,0,0,0,0,0,0,5,6995,19070,15400,26053,13072,33425,Positive,3
525665,3824,3531,3718,5418,4296,4861,3962,5164,4030,3325,4032,3849,5422,4605,Positive,3
526100,901,499,992,824,797,637,639,345,822,459,455,418,677,685,Negative,0
526431,1756,1897,2184,1939,1985,1755,2158,1510,2009,1320,1685,1400,1851,1850,Negative,0
526733,12,14,72,48,23,9,57,18,23,5,12,6,11,4,Negative,0
530826,0,0,0,0,0,0,9,131,16,1259,4973,1268,464,1623,Negative,0
530911,38864,53923,37203,53148,38534,53299,41716,51054,39275,46140,40235,42724,38305,50624,Positive,2
532218,969,2077,773,1452,590,1130,689,1118,474,786,538,640,597,1026,Negative,0
532521,0,0,0,0,0,0,86,128,1126,1716,1621,1747,966,1678,Positive,2
533224,1219,1548,1085,1471,1191,1201,870,1426,1082,941,1192,664,1042,1840,Negative,0
533246,3,1,16,9,8,3,19,6,25,3,1,0,6,2,Negative,0
534345,4945,3675,4140,4800,4553,5361,3018,5110,3865,4068,3618,5240,3995,5422,Negative,0
535521,806,892,758,491,541,319,667,434,537,321,628,372,713,413,Negative,0
536000,99,72,40,74,47,61,106,221,103,76,192,65,92,63,Negative,0
537226,835,806,820,919,1090,1576,1148,1170,919,1276,963,661,765,908,Negative,0
539616,8233,9577,8197,12071,8843,11168,8780,10398,6940,7566,6761,5754,7706,11401,Negative,0
540695,0,0,0,0,0,0,36,249,3,192,88,3,257,7,Negative,0
542316,785,897,903,1279,592,549,496,640,599,407,753,477,628,555,Negative,0
544687,218,94,113,46,190,36,179,58,146,47,57,91,75,58,Negative,1
544697,6215,13492,5610,11619,6637,11003,6100,10208,6848,11524,6079,9287,6407,13470,Positive,2
544727,6008,3324,5831,4956,7327,5148,5893,4891,6443,3598,5362,3577,6116,5405,Negative,0
545444,341,410,259,470,269,406,252,286,195,188,326,272,341,484,Negative,0
546032,385,121,160,84,330,84,365,116,239,64,174,97,253,140,Negative,0
548727,68,37,88,127,128,196,43,109,69,147,119,18,38,52,Positive,5
550227,1096,367,808,483,884,697,613,600,715,438,470,244,807,302,Negative,1
552154,0,0,0,0,0,0,0,0,0,0,160,1613,180,723,Negative,0
553782,0,0,0,0,0,0,95,5396,603,8901,526,544,218,2642,Positive,2
554178,686,175,523,396,1307,274,682,181,839,259,570,262,259,124,Negative,0
555870,0,0,0,0,0,0,0,19,4761,3288,61787,67357,25695,53914,Positive,2
556612,463,1373,314,1201,710,1713,260,1538,403,1817,648,782,563,1630,Positive,5
559345,0,0,0,0,0,0,0,0,0,0,0,0,0,0,Negative,0
561161,9775,4986,8163,4528,7956,4192,8505,4075,9724,5009,11733,6528,7871,5515,Positive,2
561851,55,31,46,22,20,9,23,6,39,20,23,21,35,25,Negative,0
563992,20513,22787,17995,20175,18901,20488,16388,18860,19055,14559,17761,16866,20472,21441,Negative,0
564183,3565,2738,3495,2096,3341,2426,3140,2410,3477,1781,3237,1842,3535,2603,Negative,0
567409,1467,1564,1550,1084,1666,1311,1722,1146,3476,1580,2349,1430,1678,1244,Negative,0
567716,1067,681,712,382,2636,1422,764,4117,702,441,510,221,363,420,Positive,2
567926,708,1749,435,934,792,1642,729,1921,1294,1462,1181,1031,713,1548,Negative,0
568028,1121,1210,896,752,1154,572,1054,548,889,265,756,248,802,590,Negative,0
568243,1110,2289,1256,1895,1624,1780,1521,2325,1509,1216,1251,863,1706,2641,Negative,0
569513,1610,2517,1970,1398,2523,2461,1927,2263,1948,1252,3034,931,2478,1834,Negative,0
571416,1343,557,1461,705,1389,844,1528,630,1009,331,1178,458,1502,628,Negative,1
576109,1577,1342,2000,1368,1751,1207,1633,1122,1982,1424,1339,1141,1595,1217,Negative,0
576367,0,0,0,0,0,71,269,195,101527,83753,24191,71873,1371,3875,Negative,0
577584,617,884,969,1077,693,1198,1036,910,581,509,1024,401,925,700,Negative,0
580849,3567,3227,3694,4195,2991,3294,2533,3738,2563,2610,2724,3088,3678,3183,Negative,0
583157,1070,1109,732,666,768,663,652,553,969,532,554,391,733,901,Negative,0
583159,1069,1746,888,1347,743,1119,1068,2275,698,523,768,351,970,1784,Negative,1
584255,1963,1183,1473,1078,1964,1153,1834,1346,1987,1009,1299,1103,1288,1139,Negative,0
585257,110,39,68,40,51,87,123,90,153,121,54,14,58,114,Negative,1
585667,1769,1330,1909,1161,1972,1383,2012,1504,1716,1162,1159,1122,1143,2313,Negative,0
586271,6915,5442,6595,4820,6673,5753,6837,5884,5619,5030,6126,6225,6740,7163,Positive,5
586571,1628,1583,1450,993,1273,1562,1268,1563,890,1622,1442,1293,1898,1612,Negative,0
588117,17948,23990,15862,24887,17714,29084,14152,20920,12915,13329,11270,17631,16757,23108,Negative,0
588800,586,1054,575,1061,656,755,525,581,567,664,363,400,443,653,Negative,0
589124,1098,950,973,1003,699,1105,1051,941,559,649,752,516,751,1018,Negative,1
592616,293,188,360,201,279,245,144,210,192,114,100,41,319,258,Negative,1
593001,2295,3602,2303,2764,1938,1894,1930,1928,1833,1658,2182,978,2657,2133,Positive,2
594529,1606,2828,1689,1972,1420,1630,1489,1728,1743,1514,1494,1628,1555,2137,Positive,2
596012,876,1873,1309,1841,1631,3026,1398,1853,1408,1135,1235,1041,1222,2172,Negative,0
598166,618,228,695,480,816,340,794,291,520,296,490,205,375,237,Negative,0
599003,141,111,134,140,168,157,136,153,180,50,291,149,162,84,Negative,0
600888,253,665,132,103,160,143,154,402,294,168,145,117,288,165,Negative,0
601542,1565,1367,1801,1184,1090,930,1367,1514,2343,1007,3111,1471,2089,1376,Negative,0
605846,4583,12688,3916,10254,5217,14098,4808,10989,3256,7543,4234,7698,6789,14776,Negative,0
606913,421,468,571,300,330,200,496,351,347,306,442,355,323,260,Negative,1
607385,0,0,0,0,0,0,279,803,684,3402,11326,3483,1679,2063,Negative,1
608269,1684,2831,1313,3454,1531,2957,1367,2353,662,791,1285,897,1920,1987,Positive,2
608848,0,0,0,0,0,0,2107,3511,7579,3198,1617,5002,325,966,Positive,2
609099,437,626,384,259,458,616,296,484,605,412,646,739,424,431,Negative,0
609784,7090,12181,4845,8913,4472,7935,5467,7447,4098,6047,8088,6977,7984,12918,Positive,4
612618,671,1003,546,562,434,771,261,537,377,381,668,677,420,1335,Negative,0
613267,0,0,0,0,0,0,1018,5821,11936,8519,7024,6367,804,761,Negative,0
615511,0,0,0,0,0,0,117,967,76,636,2926,689,527,524,Positive,2
616994,557,932,877,1018,647,1713,644,586,578,305,563,372,717,382,Negative,0
617027,0,0,0,0,0,0,0,0,3019,660,230,1395,44,1347,Negative,0
617585,1772,1690,1575,1164,1917,1826,1491,968,1682,1185,2121,1164,2121,1164,Positive,6
618266,30,25,52,23,13,45,18,15,22,10,164,64,130,45,Negative,0
620869,2601,1652,2719,1710,2562,1400,2657,1180,2662,1134,1813,1333,2228,1399,Negative,0
621252,19,42,21,29,7,18,12,8,7,7,19,25,24,61,Positive,2
621800,154730,142052,136668,131672,129708,123806,144438,122272,135258,111546,129814,118702,139756,148970,Negative,0
626623,0,0,0,0,0,0,61,307,2686,2050,2640,3550,2679,2894,Positive,4
630938,0,0,0,0,0,0,750,6475,256,6067,1787,1507,176,486,Negative,1
634011,1211,1499,1438,1403,1071,1068,1297,1061,1474,870,1286,928,1465,1026,Positive,2
634493,1706,1299,2106,931,2092,920,2570,1198,2035,1022,1877,1001,2146,807,Negative,0
637924,3807,4758,2625,4373,3134,6227,2377,3544,2632,1793,4429,4606,7596,5778,Positive,2
638795,71,20,72,41,28,31,17,42,95,17,96,12,29,11,Negative,0
640583,4675,5495,4259,4045,4497,3520,5604,4187,4294,3382,3956,2424,4413,3857,Negative,0
644766,1264,1656,916,1190,990,1347,1350,1162,954,1171,1226,1953,1978,1094,Negative,0
645933,2138,1698,2061,1979,2170,2138,2333,2266,2163,1302,1626,1072,2417,1457,Negative,1
646047,87,26,176,244,155,50,136,20,49,23,32,24,104,45,Negative,0
646348,0,0,0,0,0,0,0,0,430,1088,4164,8677,2005,8241,Negative,0
646692,10559,10494,10523,8092,10374,7614,10575,7570,10257,7219,12517,8438,11806,8450,Negative,0
648323,1951,1498,2012,2043,1910,1291,2005,1428,2536,1646,2093,1390,2465,1640,Negative,0
649934,2801,1593,3624,2113,2908,2253,3612,2240,3526,1590,1949,974,2168,1312,Negative,0
651537,0,0,0,0,0,0,1057,2100,3429,28946,3340,39784,1006,3864,Negative,1
651888,401,475,348,737,214,120,292,135,298,174,174,88,249,157,Negative,0
651906,511,601,357,935,291,603,367,365,248,158,184,199,271,391,Negative,0
651957,22223,28783,22169,29720,20800,26120,22150,25185,20751,17690,16758,18130,23135,28273,Negative,0
655940,9906,4865,10442,4233,7637,4879,12036,4936,10028,4622,7256,5844,8451,7790,Negative,0
656268,6698,9052,6213,8989,8332,9471,5824,8518,6571,5714,4535,7366,6825,7686,Negative,1
661181,346,270,345,345,259,251,221,269,212,324,152,331,200,448,Negative,0
661791,768,1170,922,1328,1433,1279,854,897,922,520,969,600,1109,1174,Positive,3
662689,0,1,0,0,0,0,481,1150,1592,1315,14791,18433,2822,10029,Positive,2
666393,0,0,0,0,0,0,7614,16421,41094,78140,33711,20262,6868,19473,Negative,0
667148,1234,563,993,528,1433,821,1571,469,946,419,1226,885,963,514,Negative,0
667838,1116,1430,1444,1411,1182,1407,1672,1671,976,1070,1378,1276,1846,1710,Negative,0
668598,1697,3117,1173,2590,1175,2706,1175,3138,1120,1872,1142,830,1775,2019,Negative,1
669329,5247,2690,3617,2348,3858,2481,3600,2982,3989,2110,2454,1765,2445,2338,Negative,1
669720,0,0,0,0,0,0,0,0,391,1675,45495,41889,5569,20545,Negative,0
669805,8443,12667,8419,11452,8114,12176,7171,10318,8716,7320,7830,8575,10447,15603,Negative,0
670027,0,0,0,0,0,0,0,0,0,0,267,647,4633,5286,Negative,1
672621,0,0,0,0,0,0,1521,19897,3827,11974,3543,8079,2154,6604,Negative,1
673075,504,390,587,469,522,366,435,372,309,243,305,171,378,305,Negative,0
676096,2137,2476,3085,2222,2699,2087,2924,2669,2960,2314,1974,1423,2270,1890,Positive,3
676366,7942,5142,10077,3964,8160,4594,8024,4481,8248,3489,7476,3376,8035,4726,Negative,0
676988,260,475,234,282,390,169,542,562,566,649,275,91,437,155,Negative,0
679412,3222,3945,2832,3212,3128,3741,2721,2672,2746,2286,2853,2650,2973,3336,Negative,1
679681,419,156,423,224,506,253,319,188,537,232,278,88,317,253,Negative,1
681809,2449,2325,1679,2446,1697,1797,2006,2614,1803,2110,2377,1718,2830,1723,Negative,1
681946,1569,1558,3051,1987,3005,1648,2659,1711,1187,780,1225,623,1587,784,Negative,1
688730,6962,3849,7609,3569,7501,3015,6549,3529,7200,2845,4957,2344,6124,2715,Positive,2
688869,0,0,0,0,0,0,0,0,0,67,2355,1184,134,1126,Negative,1
690055,2031,957,1641,607,1152,910,936,1359,821,478,1554,1035,1283,837,Positive,9
691227,917,351,604,316,609,343,902,401,927,548,834,261,574,644,Negative,0
693640,1151,1403,1602,1158,1032,1016,1133,892,983,601,668,597,781,1018,Negative,0
694574,25819,36745,20363,32355,21571,32311,21210,36330,24600,31142,33553,27112,36541,39503,Negative,0
695342,480,924,241,751,572,1144,629,893,393,636,467,355,675,1200,Positive,2
695506,978,1451,1014,1206,851,1145,642,1140,723,746,595,1176,716,844,Positive,6
699157,983,1527,569,835,531,1203,888,527,780,1354,415,364,667,678,Negative,0
705405,2848,2449,2974,2855,3031,2257,3318,2596,2925,1756,4184,2171,3957,3103,Negative,0
707200,11326,13339,12758,13418,10231,10666,12547,11676,11122,6178,9709,7161,12832,15038,Negative,0
708228,0,0,0,0,0,0,28,347,2024,1560,4790,7175,913,6047,Negative,0
708408,239,404,247,450,265,401,429,231,272,324,206,405,227,442,Negative,0
709678,7184,2576,4148,3077,6086,2865,5475,2963,5001,2404,5951,2245,4235,1945,Negative,0
709752,6650,6917,6417,4625,6699,5910,6363,5266,6148,3891,5322,2505,6816,4873,Positive,2
711600,0,0,0,0,0,0,0,0,95,411,1226,4436,905,761,Negative,0
714174,0,0,0,0,0,0,2116,5748,14358,5976,1019,1520,645,428,Negative,1
717345,2338,4155,2106,4407,1915,3888,1680,2833,1846,1742,1914,1353,2613,2971,Positive,2
720942,0,0,0,0,0,0,0,0,0,0,0,0,2306,5934,Negative,1
721579,823,1503,795,656,710,755,1007,1314,768,828,606,556,613,463,Negative,0
722386,1126,1868,1056,953,1063,1360,805,1425,768,789,394,1123,1249,1612,Negative,1
722550,172,178,214,176,152,291,178,191,345,133,209,153,185,310,Negative,0
722972,6628,4734,6836,4543,7560,5169,7123,4507,7428,4130,6223,4267,6398,4258,Negative,0
723816,1821,1861,1562,1599,1490,1694,1375,1662,2194,1013,1495,1104,1224,1813,Negative,0
723958,2304,2060,2633,2011,2251,3080,2035,1999,2699,1284,1748,961,2146,1199,Negative,0
724216,5875,8990,4637,7049,5196,7585,4470,5849,4886,6474,5549,5325,5090,7846,Negative,0
724770,2426,2149,2588,1541,3269,1789,2240,1642,2460,1377,2717,1952,2303,1933,Negative,0
725203,3119,2529,2034,2614,2702,4395,1960,3312,2123,1521,1646,2203,2680,2968,Negative,0
725660,0,0,0,0,0,0,0,0,0,0,5421,6649,26788,42424,Positive,3
726001,880,1179,673,808,1102,1051,1125,1110,1050,1066,991,1195,1210,740,Negative,0
727792,797,1644,783,1238,1532,1170,707,1207,828,984,1126,504,967,1163,Negative,1
727893,3865,9478,2916,8056,2481,10001,2804,9519,3153,7212,4371,6544,6339,11598,Negative,0
728194,233,128,228,72,228,161,83,112,108,20,193,93,200,78,Negative,0
731106,614,1603,965,3175,814,2442,679,2790,1042,1280,1226,1535,1527,1628,Negative,1
733316,1629,4942,1360,3600,1412,2177,1426,2373,1608,2644,1616,1784,2318,5398,Negative,0
733723,982,472,511,864,671,388,407,642,976,1844,850,952,863,601,Negative,0
735119,0,1,0,0,0,0,590,35694,127237,88030,116220,112861,6238,25130,Positive,5
737992,5018,6615,4745,6512,5000,8376,5455,7889,4720,5635,5982,7477,5101,7382,Negative,1
738274,108,254,116,424,95,189,221,353,363,208,217,110,162,279,Negative,1
738876,4125,2548,3549,2567,3944,2663,4660,2718,4551,3037,4036,3128,3661,2515,Negative,1
742266,454,272,487,474,483,282,565,273,459,478,535,336,378,188,Negative,0
743020,120,67,199,107,93,73,171,41,183,175,190,134,203,139,Negative,0
744041,786,272,642,477,830,436,667,307,792,365,744,182,767,266,Negative,0
745004,4408,4724,4506,4881,2917,4825,3197,3397,2712,2696,1875,2142,2793,4035,Positive,4
745022,3792,5441,4310,4397,4312,5114,4432,4725,4394,4018,4132,3757,4815,5184,Negative,0
745170,3568,1954,2851,1679,3252,1652,2985,1642,2863,1084,2496,943,2339,1422,Negative,0
745719,157,179,159,156,177,191,139,227,197,220,163,170,177,242,Positive,2
745950,3573,1891,2870,1850,4178,1835,3419,2129,3364,1408,2285,1654,2562,1810,Positive,2
746710,3831,3875,3640,2446,4092,3001,4563,3619,4209,2498,3784,1549,3165,2693,Positive,4
746870,245,146,257,331,287,286,298,162,193,108,137,79,253,156,Negative,0
748961,0,0,0,0,0,0,1480,1443,28079,17769,1713,5825,148,1153,Negative,0
749087,0,0,0,0,0,0,0,0,2363,436,14491,19129,496,3814,Negative,0
749717,226,168,177,176,199,353,236,187,627,187,327,278,231,125,Negative,0
750157,113,102,116,131,189,177,218,71,131,63,151,48,124,89,Negative,0
751086,3771,4408,2850,4060,2432,4688,2539,3153,2247,1299,1666,1211,3283,5864,Negative,1
751119,18393,13521,17246,11632,18422,11843,18330,10634,15829,10321,9551,9132,14811,13930,Negative,0
751479,2500,2322,1429,1621,1591,1182,1780,1497,1569,634,1623,1277,2197,2908,Negative,0
754701,0,0,0,0,0,0,1015,743,1338,1267,9032,10007,2351,5970,Negative,1
755056,741,1480,605,460,634,369,607,768,507,769,719,539,497,436,Negative,0
757452,15,8,6,30,8,23,14,4,1,0,7,2,0,14,Negative,0
757619,2376,5886,2513,6585,2430,5987,3198,5571,2332,3338,3474,3752,4777,6361,Negative,0
758739,626,1407,672,751,605,1788,815,1173,783,1839,879,1452,1317,1197,Negative,0
759127,1583,1784,1596,1525,1259,1579,1028,1818,1107,1413,1499,2270,1144,2386,Positive,3
761993,0,0,0,0,0,0,125,2134,77028,41655,6083,10430,1140,3599,Negative,0
763482,204,87,192,37,290,303,268,164,335,154,280,25,128,255,Positive,3
764445,1697,1520,1507,1874,1892,2057,1766,1576,1435,1934,2031,2498,1852,1440,Negative,0
765169,381,175,133,138,288,172,219,351,241,282,221,64,422,174,Negative,0
767148,0,0,0,0,0,0,852,128,1829,521,1163,1432,152,887,Positive,3
768534,3180,2461,2680,2578,3633,3246,2857,2610,1973,1485,3279,1857,3844,2530,Negative,0
770016,0,0,0,0,0,0,151,623,4753,6631,3425,3544,85,181,Negative,1
770800,574,503,1023,469,737,366,762,504,1114,414,813,833,875,1038,Positive,2
771465,329,307,324,469,508,313,609,492,574,188,336,286,439,362,Negative,1
772296,0,0,0,0,0,0,0,0,0,0,0,0,0,0,Negative,0
772847,3794,4753,4514,4711,4187,4570,4586,5561,4406,4006,3607,3577,5008,4780,Negative,0
773979,6475,10244,4741,8458,4929,8807,4768,7455,4630,4328,5314,4490,5921,8991,Negative,0
775547,1078,715,1055,647,1121,1013,1038,1392,770,523,622,646,979,781,Negative,0
776028,0,0,0,0,0,0,0,0,1616,1964,9430,12089,10668,20006,Positive,2
776579,3568,3665,4015,3547,4410,2756,3040,3003,2679,2028,2641,1781,2467,2808,Negative,1
778807,1038,1333,1268,1172,846,822,1175,1277,2112,236,433,583,2010,1002,Negative,0
778863,10,4,10,42,5,2,18,39,8,30,32,36,18,74,Negative,0
780102,0,0,0,0,0,0,180,31,2314,168,2344,3555,506,3628,Positive,5
783313,3483,9608,2295,7691,3027,8373,2072,5136,3109,5385,2384,7242,3446,9988,Negative,1
783995,89,55,138,82,101,41,80,29,64,49,64,17,207,29,Negative,1
784604,0,0,0,0,0,0,0,1196,735,3515,2237,12674,1030,5166,Negative,1
785182,61,47,64,105,225,47,121,78,76,53,121,37,96,26,Negative,0
787797,916,1062,1447,848,1907,662,1298,971,1160,796,898,689,1052,911,Positive,2
792890,232,261,156,126,124,163,69,162,60,271,185,82,244,229,Negative,0
794667,388,360,393,419,442,208,407,316,306,464,602,436,359,287,Negative,0
795193,6897,3645,6581,3701,6767,3519,6933,3456,7061,2993,6220,2482,7165,3259,Negative,0
800216,337,575,582,507,319,461,475,477,405,1123,384,885,389,581,Negative,0
800565,2242,2759,2761,1322,2183,2436,2706,2334,2499,1910,1428,2787,1248,1941,Negative,0
801344,2975,4094,2642,4050,2377,3242,1838,2991,1619,1606,1680,1390,2235,3108,Positive,5
801400,0,0,0,0,0,0,0,0,6,1,2730,4329,152,1396,Negative,0
808737,2907,4810,2799,3309,2920,4635,2834,3977,3736,2520,1622,2717,2913,4595,Positive,3
811516,2436,7682,2135,5607,1666,5899,1160,4732,1356,2588,2951,2467,4225,4959,Positive,4
815075,12116,14682,13028,13125,12401,12551,11423,13261,11932,10989,10166,14587,14421,16670,Positive,7
817400,3649,4598,3022,2629,4034,4317,3632,4449,4108,2250,2573,2320,4570,3298,Negative,0
817721,333,302,304,255,348,317,433,377,488,221,288,121,319,156,Negative,0
818859,1639,1285,1381,1306,1599,1955,1030,988,1462,710,811,854,1919,1014,Negative,0
820374,1782,2518,2124,2004,1935,1350,1658,1437,1796,1480,1800,1408,2518,1525,Negative,0
821034,18848,18738,18697,19022,17641,17627,16319,16966,17154,14980,15405,14857,18081,17514,Negative,0
821930,153,82,133,69,97,75,116,24,205,31,94,22,79,12,Negative,0
823384,63,62,42,35,62,38,24,38,89,28,28,16,49,30,Negative,0
825016,1026,2244,1218,1778,1103,1404,1075,1493,1146,1315,1485,1778,1256,1826,Negative,0
827671,1037,1227,963,486,902,807,506,526,720,413,540,318,461,694,Negative,1
827992,8184,9102,8198,9976,8878,10215,7300,9766,7476,7862,8350,7237,9419,9515,Positive,3
829263,0,0,0,0,0,0,1432,3935,65,2778,502,697,211,1351,Positive,3
832299,9749,5299,5455,5931,6649,5899,7316,6591,4848,6137,6944,4851,10663,5283,Negative,0
832461,4930,4692,5366,4933,5251,4096,5212,4521,4470,3049,3772,3032,4854,5264,Positive,8
832533,850,841,805,687,1086,618,611,440,657,572,1338,984,679,848,Negative,0
833111,0,0,0,0,0,128,5573,4789,21773,25354,148822,112215,3697,15212,Positive,2
833426,312,126,247,211,219,107,241,253,310,153,195,456,454,294,Negative,1
834137,11050,22919,9491,25318,9952,26017,9509,24828,8317,15982,10684,15013,11105,28128,Negative,0
835141,0,0,0,0,0,0,15,247,193,765,2057,2036,1628,3280,Positive,2
835237,1266,1492,1001,1702,1323,1486,971,983,889,989,800,932,1730,1818,Positive,3
836367,194,234,229,301,254,156,48,237,119,58,99,62,31,145,Negative,1
838841,0,0,0,0,0,0,78,358,4914,1932,3889,4144,751,2044,Negative,0
839499,249,390,521,1061,373,397,496,238,210,214,241,200,344,281,Negative,0
840323,0,0,0,0,0,0,0,0,0,0,0,0,0,0,Negative,0
840704,1555,2705,2526,1660,1376,1039,1007,1166,1468,1235,1454,619,1310,1711,Negative,0
843092,1786,1618,2305,1425,1551,1036,1297,1969,1723,1379,1298,1306,1360,1608,Positive,2
843534,249,13,228,109,189,88,35,61,29,8,48,39,40,12,Negative,0
843794,27,217,107,179,84,269,77,415,124,233,77,259,91,229,Positive,5
844435,1178,888,1116,1190,785,1185,1245,701,1199,911,700,695,662,1072,Negative,0
846613,893,963,515,731,650,947,750,627,1070,317,551,685,433,511,Negative,0
847742,5481,5440,6146,5029,5257,5049,5727,5454,5844,4705,6405,3749,6484,5734,Negative,0
848259,185,222,347,144,297,324,200,200,265,46,134,165,198,195,Negative,1
849127,18872,22679,15713,22904,19452,20683,15744,20212,17668,14564,21665,13779,21441,21776,Negative,0
849561,2583,3604,2248,2981,2398,2940,2594,2264,1927,1610,1487,1466,1930,2438,Negative,0
849578,669,1116,197,582,489,1472,394,1973,454,1218,290,845,247,1578,Negative,0
852746,774,686,853,522,712,622,513,832,731,571,590,474,964,756,Positive,2
852996,7096,9233,6439,7537,6127,8371,5212,6880,5766,8198,5769,7349,7032,8265,Negative,0
855112,11591,10662,11809,10663,10911,10467,10585,10200,10641,9111,10413,8023,10501,10216,Negative,0
856444,2021,884,2243,921,2606,727,2359,967,3295,942,3174,791,1970,938,Negative,1
857854,137,77,171,98,213,128,135,158,207,150,102,78,170,51,Negative,1
858637,585,452,598,549,687,366,762,421,725,387,425,312,508,432,Positive,2
859167,5658,3598,5817,3757,6451,3727,5864,3864,5752,4028,5813,3017,5986,3508,Negative,0
864246,803,603,326,471,528,847,422,543,307,111,466,92,473,430,Negative,0
866563,6,13,24,24,46,26,26,14,18,10,22,5,37,25,Negative,0
867883,2300,4403,2320,3662,2689,4248,2241,3437,2893,2002,2599,4880,5031,4861,Negative,0
868796,748,982,682,990,1034,939,1051,968,700,726,1060,903,1302,1093,Positive,3
869001,2038,1498,2083,1330,2016,1561,1999,1596,2633,1361,1979,940,2370,2195,Negative,0
870267,17465,26253,16365,28337,16759,26922,17136,27877,13570,27390,14145,31278,14366,29446,Negative,0
871964,719,830,624,807,708,915,634,951,648,794,642,944,624,1092,Positive,2
872517,8122,6967,7203,5964,8511,7139,8352,6354,7734,5128,4735,5284,5343,5837,Negative,1
874398,2037,1191,1486,1108,1851,1034,1864,1060,1547,946,1813,975,1708,783,Negative,0
874452,235,111,300,359,284,201,224,181,351,141,195,248,321,178,Positive,5
875980,0,0,12,5,31,4,18,12,24,4,53,4,3,21,Negative,0
876678,2533,1668,1659,1249,1056,1673,1223,1061,808,941,1295,455,2098,1395,Negative,1
877931,0,0,0,0,0,0,99,235,280,460,2597,2030,459,1682,Positive,2
879128,41,8,4,21,6,20,30,0,0,3,3,3,6,2,Negative,1
880798,3189,1636,3030,1760,2745,2065,3579,1666,2231,1403,2394,1972,2486,1650,Negative,0
880925,1835,4168,1659,3369,1536,5016,1379,3654,1305,3296,1447,2557,1655,2844,Negative,0
882689,802,1335,1360,1064,813,1017,1190,1116,1211,1585,1605,1579,1554,1381,Negative,0
883430,1841,3221,2145,2262,2654,1875,2186,2046,2437,1173,1789,969,3194,2275,Negative,0
886367,2263,2020,1538,1950,1835,1701,1054,1692,1230,1070,1048,1095,2370,1439,Negative,1
886613,0,0,0,0,0,0,1111,1756,5077,7734,21658,24894,4404,10779,Positive,2
889343,9520,7427,9622,8175,9240,7154,8876,7321,9875,6674,10213,9007,9093,7461,Negative,0
889615,841,1339,1117,1672,895,1407,866,1495,501,525,647,493,653,1193,Positive,2
889704,0,0,0,0,0,0,171,195,77,1653,115,900,163,1152,Negative,0
891541,530,927,820,871,733,731,780,917,716,612,937,486,901,678,Negative,0
893314,3946,5298,3442,5362,3960,4502,3685,5026,3344,3815,4578,3135,4368,4421,Negative,0
895461,0,0,0,0,0,0,0,0,83,276,654,1616,5664,11611,Negative,0
897127,0,0,0,0,0,0,723,18272,25548,86004,50792,44722,14086,32370,Negative,0
897418,4551,14702,5160,13912,4770,18734,4949,16737,5626,8771,6853,10522,7379,14750,Positive,2
899782,0,0,0,0,0,0,414,9620,2460,3016,318,1054,150,1249,Positive,7
899838,5929,6908,6257,4738,6015,4791,5816,4114,4767,2532,4364,3002,5146,4454,Negative,0
900065,850,815,1011,966,842,893,779,906,730,897,676,794,1279,1411,Negative,0
903822,0,0,0,0,0,0,42,48,0,571,15183,14438,644,3173,Negative,1
904041,0,0,0,0,0,0,180,148,612,1958,23322,3340,4126,2285,Positive,3
904644,1530,953,844,680,2082,580,2193,492,839,585,573,168,1040,837,Negative,0
908419,497,260,697,172,701,295,792,361,935,283,689,293,515,179,Negative,0
909468,443,474,375,399,474,729,489,765,619,176,364,204,372,359,Negative,0
911582,6003,3409,6192,3267,6974,3621,8320,4121,6797,4380,8866,4102,5487,4032,Positive,2
912178,56,1456,634,837,118,550,38,130,93,110,61,58,28,47,Positive,2
914756,2555,4471,2315,3389,2706,4870,2360,5236,1948,3730,3000,4026,3795,5719,Positive,2
914967,51,93,47,49,53,12,92,68,36,30,41,22,80,1,Negative,0
915723,1128,1946,1269,2594,1746,2246,1712,2201,1527,1718,1521,1824,1297,2141,Negative,0
916099,748,394,953,268,870,398,662,580,1307,635,652,1373,1383,1355,Negative,1
916652,0,0,0,0,0,0,351,7207,585,3514,5988,5537,778,4031,Negative,1
916688,0,0,0,0,0,0,0,22,37136,23650,2820,5410,731,1672,Positive,3
919356,558,899,1084,816,709,914,850,846,1330,929,526,1062,565,759,Positive,4
920945,6682,6296,7086,5213,7781,5374,7864,4012,6308,4182,6251,4477,7243,6771,Negative,0
923047,5831,10442,5441,8090,4770,9109,6068,9094,6471,7113,6183,6027,8446,11829,Negative,0
926505,1010,520,926,601,1166,663,1152,331,779,271,459,200,540,366,Negative,0
930588,1859,1166,1364,1503,2031,1338,1520,1012,1246,1355,1527,736,1177,1323,Negative,0
932810,0,0,0,0,4,3,355,252,799,743,488,1102,848,2681,Negative,0
933099,3127,1697,2761,1814,2190,1651,1848,1453,2168,1235,1710,1104,2048,1934,Negative,0
933506,10286,8975,9681,8324,9421,7607,10854,6748,7418,5871,6441,5072,8857,6853,Negative,0
935655,1285,908,1295,554,1271,1036,899,1140,1034,388,615,373,818,526,Negative,0
937406,2241,6326,1848,5563,2270,5947,2282,3756,2100,2533,2783,3068,6149,5464,Positive,2
937706,0,0,0,0,49,160,1740,1887,861,3691,17731,14897,4047,7505,Positive,3
938615,768,1040,951,879,706,659,1068,830,902,551,953,784,764,800,Negative,0
939246,1230,987,1622,1367,1150,451,1430,471,1974,657,1182,708,1515,1154,Negative,1
939278,1995,1779,1787,1275,1864,1452,1581,1557,1922,1311,1443,969,992,1324,Negative,1
939564,1207,1475,1146,1441,649,1911,1124,992,768,691,902,787,1010,1020,Negative,0
941790,2731,4865,1804,3955,2396,3929,2664,3673,2086,2396,3308,3009,2710,3655,Negative,1
944034,37641,112273,36937,104677,36346,104021,35988,104292,30553,75480,51279,93585,56987,120781,Negative,0
945550,471,595,530,626,140,394,286,1795,614,471,272,321,256,189,Positive,2
945913,0,0,0,0,0,0,0,287,139,5,267,3537,2063,4755,Positive,2
947371,0,0,0,0,0,20,673,5220,5061,6245,24741,19844,10574,35436,Negative,0
949776,557,244,248,330,298,411,375,255,315,604,397,299,357,282,Negative,0
949876,7243,9474,6509,8433,6630,9277,6772,7389,5113,3132,8113,4461,10201,9444,Negative,0
952645,52712,63839,55749,56590,50223,54944,51189,57188,34406,18004,33573,18559,60189,45795,Positive,3
953739,1072,1430,1578,1026,1961,1670,1583,1586,1407,732,399,270,685,1547,Positive,4
955180,872,769,764,933,812,650,1204,724,959,555,740,748,910,775,Positive,3
957958,1478,710,1068,1297,1343,566,1093,779,1384,964,1000,726,1029,783,Negative,0
960736,0,0,0,0,0,0,0,0,0,0,0,81,2195,1263,Negative,0
961012,6,4,16,6,9,0,5,16,5,5,1,3,1,4,Negative,1
965405,0,0,0,0,0,0,349,4500,777,2306,1220,3201,1487,2185,Negative,0
965643,46,146,125,101,253,124,164,163,219,100,147,213,148,264,Negative,1
965886,8,15,8,17,17,12,21,19,9,12,9,27,13,17,Negative,0
970736,429,258,388,298,345,228,476,362,340,320,141,308,224,211,Negative,0
971577,52,81,42,35,152,43,71,26,23,6,27,21,8,82,Negative,1
972494,10350,16314,10201,12658,11452,15324,11672,12649,6482,5859,8164,7220,11198,12058,Positive,2
974072,2261,1848,3224,1416,2772,1402,2319,2011,2924,1484,1806,2265,1949,1789,Negative,0
976729,1114,691,1444,949,911,1353,1181,885,810,1003,689,431,1481,671,Positive,5
977842,360,210,127,141,131,106,174,171,121,106,206,126,197,146,Negative,0
979455,14452,11922,14720,10708,15007,10298,13224,10636,13376,7846,6805,8593,7783,8163,Negative,0
984658,647,518,420,257,221,664,347,524,701,325,364,251,454,379,Negative,1
985617,392,273,989,383,283,277,366,436,680,175,291,160,324,469,Negative,0
985643,24315,25190,23069,26114,23297,23315,23160,23231,19731,19670,24386,19861,28755,21880,Positive,2
985780,332,487,391,322,431,715,517,366,232,190,213,237,272,352,Negative,0
985957,10095,11397,8461,10324,11333,13584,9679,13219,10650,13820,10076,16846,9486,15541,Negative,0
986952,3028,1675,3125,1699,3534,2780,3022,1814,2829,1353,1922,1514,2380,2262,Negative,0
988738,1521,1919,1416,1201,2187,1207,1148,1844,1453,1355,1513,1080,1381,1712,Negative,1
990890,5524,5821,3778,4349,4448,3127,4800,4167,4764,2365,4888,1855,3161,4170,Negative,0
991587,0,0,0,0,0,0,198,519,1569,1188,25879,17681,2545,7622,Negative,0
993861,8,11,6,12,12,12,4,3,6,6,2,4,7,2,Negative,1
